Date,target,score,threshold,is_anomaly,consecutive_anomalies,decision,reason
2020-12-02 17:25:03.604,0,0.009231878582197761,-0.011590401783097478,0,0,NORMAL,"Score above threshold, normal motor behavior"
2020-12-02 17:25:07.815,0,0.01691097393403629,-0.011590401783097478,0,0,NORMAL,"Score above threshold, normal motor behavior"
2020-12-02 17:25:12.211,0,0.025886651516613124,-0.011590401783097478,0,0,NORMAL,"Score above threshold, normal motor behavior"
2020-12-02 17:25:16.610,0,0.028957594683095944,-0.011590401783097478,0,0,NORMAL,"Score above threshold, normal motor behavior"
2020-12-02 17:25:21.015,0,0.022635645294246165,-0.011590401783097478,0,0,NORMAL,"Score above threshold, normal motor behavior"
2020-12-02 17:25:25.415,0,0.02797950509021685,-0.011590401783097478,0,0,NORMAL,"Score above threshold, normal motor behavior"
2020-12-02 17:25:29.816,0,0.017565704064224696,-0.011590401783097478,0,0,NORMAL,"Score above threshold, normal motor behavior"
2020-12-02 17:25:34.211,0,0.01967179186009521,-0.011590401783097478,0,0,NORMAL,"Score above threshold, normal motor behavior"
2020-12-02 17:25:38.615,0,0.021087905451875444,-0.011590401783097478,0,0,NORMAL,"Score above threshold, normal motor behavior"
2020-12-02 17:25:43.016,0,0.027860183687140383,-0.011590401783097478,0,0,NORMAL,"Score above threshold, normal motor behavior"
2020-12-02 17:25:47.452,0,0.02696133724743599,-0.011590401783097478,0,0,NORMAL,"Score above threshold, normal motor behavior"
2020-12-02 17:25:51.815,0,0.006983749435267583,-0.011590401783097478,0,0,NORMAL,"Score above threshold, normal motor behavior"
2020-12-02 17:25:56.211,0,0.012373848792715525,-0.011590401783097478,0,0,NORMAL,"Score above threshold, normal motor behavior"
2020-12-02 17:26:00.612,0,0.016479523888877967,-0.011590401783097478,0,0,NORMAL,"Score above threshold, normal motor behavior"
2020-12-02 17:26:05.012,0,0.021231282938123708,-0.011590401783097478,0,0,NORMAL,"Score above threshold, normal motor behavior"
2020-12-02 17:26:09.411,0,0.017187477658167638,-0.011590401783097478,0,0,NORMAL,"Score above threshold, normal motor behavior"
2020-12-02 17:26:13.811,0,0.020636271012045904,-0.011590401783097478,0,0,NORMAL,"Score above threshold, normal motor behavior"
2020-12-02 17:26:18.216,0,0.014160406935151582,-0.011590401783097478,0,0,NORMAL,"Score above threshold, normal motor behavior"
2020-12-02 17:26:22.616,0,0.014429260356767115,-0.011590401783097478,0,0,NORMAL,"Score above threshold, normal motor behavior"
2020-12-02 17:26:27.015,0,0.023282510503730702,-0.011590401783097478,0,0,NORMAL,"Score above threshold, normal motor behavior"
2020-12-02 17:26:31.552,0,0.025999115449538535,-0.011590401783097478,0,0,NORMAL,"Score above threshold, normal motor behavior"
2020-12-02 17:26:36.034,0,0.02936443621781426,-0.011590401783097478,0,0,NORMAL,"Score above threshold, normal motor behavior"
2020-12-02 17:26:40.412,0,0.02974602345509869,-0.011590401783097478,0,0,NORMAL,"Score above threshold, normal motor behavior"
2020-12-02 17:26:44.847,0,0.024182294840118912,-0.011590401783097478,0,0,NORMAL,"Score above threshold, normal motor behavior"
2020-12-02 17:26:49.211,0,0.020024187187683173,-0.011590401783097478,0,0,NORMAL,"Score above threshold, normal motor behavior"
2020-12-02 17:26:53.612,0,0.008653762086648198,-0.011590401783097478,0,0,NORMAL,"Score above threshold, normal motor behavior"
2020-12-02 17:26:58.013,0,0.0217353017294587,-0.011590401783097478,0,0,NORMAL,"Score above threshold, normal motor behavior"
2020-12-02 17:27:02.417,0,0.025476816758043086,-0.011590401783097478,0,0,NORMAL,"Score above threshold, normal motor behavior"
2020-12-02 17:27:06.816,0,0.02807624662125674,-0.011590401783097478,0,0,NORMAL,"Score above threshold, normal motor behavior"
2020-12-02 17:27:11.218,0,0.027140483307976138,-0.011590401783097478,0,0,NORMAL,"Score above threshold, normal motor behavior"
2020-12-02 17:27:15.612,0,0.027786732594890173,-0.011590401783097478,0,0,NORMAL,"Score above threshold, normal motor behavior"
2020-12-02 17:27:20.013,0,0.03128876700738914,-0.011590401783097478,0,0,NORMAL,"Score above threshold, normal motor behavior"
2020-12-02 17:27:24.413,0,0.03645487374784612,-0.011590401783097478,0,0,NORMAL,"Score above threshold, normal motor behavior"
2020-12-02 17:27:28.813,0,0.03443925056405639,-0.011590401783097478,0,0,NORMAL,"Score above threshold, normal motor behavior"
2020-12-02 17:27:33.213,0,0.03017378506728785,-0.011590401783097478,0,0,NORMAL,"Score above threshold, normal motor behavior"
2020-12-02 17:27:37.613,0,0.036669223471373136,-0.011590401783097478,0,0,NORMAL,"Score above threshold, normal motor behavior"
2020-12-02 17:27:42.018,0,0.03298707027063397,-0.011590401783097478,0,0,NORMAL,"Score above threshold, normal motor behavior"
2020-12-02 17:27:46.414,0,0.02799034821505947,-0.011590401783097478,0,0,NORMAL,"Score above threshold, normal motor behavior"
2020-12-02 17:27:50.819,0,0.02642230596468642,-0.011590401783097478,0,0,NORMAL,"Score above threshold, normal motor behavior"
2020-12-02 17:27:55.213,0,0.027972948494103422,-0.011590401783097478,0,0,NORMAL,"Score above threshold, normal motor behavior"
2020-12-02 17:27:59.615,0,0.029652148880032037,-0.011590401783097478,0,0,NORMAL,"Score above threshold, normal motor behavior"
2020-12-02 17:28:04.020,0,0.02829932795272866,-0.011590401783097478,0,0,NORMAL,"Score above threshold, normal motor behavior"
2020-12-02 17:28:08.414,0,0.0325633564185806,-0.011590401783097478,0,0,NORMAL,"Score above threshold, normal motor behavior"
2020-12-02 17:28:12.850,0,0.026041229480100903,-0.011590401783097478,0,0,NORMAL,"Score above threshold, normal motor behavior"
2020-12-02 17:28:17.219,0,0.025913161253485528,-0.011590401783097478,0,0,NORMAL,"Score above threshold, normal motor behavior"
2020-12-02 17:28:21.620,0,0.033669603279668836,-0.011590401783097478,0,0,NORMAL,"Score above threshold, normal motor behavior"
2020-12-02 17:28:26.019,0,0.032524303932660314,-0.011590401783097478,0,0,NORMAL,"Score above threshold, normal motor behavior"
2020-12-02 17:28:30.458,0,0.027311045425498448,-0.011590401783097478,0,0,NORMAL,"Score above threshold, normal motor behavior"
2020-12-02 17:28:34.828,0,0.028103562691697725,-0.011590401783097478,0,0,NORMAL,"Score above threshold, normal motor behavior"
2020-12-02 17:28:39.219,0,0.026966220719634892,-0.011590401783097478,0,0,NORMAL,"Score above threshold, normal motor behavior"
2020-12-02 17:28:43.616,0,0.030664863921655072,-0.011590401783097478,0,0,NORMAL,"Score above threshold, normal motor behavior"
2020-12-02 17:28:48.016,0,0.03863553858816804,-0.011590401783097478,0,0,NORMAL,"Score above threshold, normal motor behavior"
2020-12-02 17:28:52.421,0,0.03711275853705742,-0.011590401783097478,0,0,NORMAL,"Score above threshold, normal motor behavior"
2020-12-02 17:28:56.819,0,0.038753513916948146,-0.011590401783097478,0,0,NORMAL,"Score above threshold, normal motor behavior"
2020-12-02 17:29:01.215,0,0.027616050478392884,-0.011590401783097478,0,0,NORMAL,"Score above threshold, normal motor behavior"
2020-12-02 17:29:05.626,0,0.027769528077190575,-0.011590401783097478,0,0,NORMAL,"Score above threshold, normal motor behavior"
2020-12-02 17:29:10.020,0,0.034498071360243965,-0.011590401783097478,0,0,NORMAL,"Score above threshold, normal motor behavior"
2020-12-02 17:29:14.418,0,0.02843938203240326,-0.011590401783097478,0,0,NORMAL,"Score above threshold, normal motor behavior"
2020-12-02 17:29:18.821,0,0.03282242717270195,-0.011590401783097478,0,0,NORMAL,"Score above threshold, normal motor behavior"
2020-12-02 17:29:23.217,0,0.028915453946662784,-0.011590401783097478,0,0,NORMAL,"Score above threshold, normal motor behavior"
2020-12-02 17:29:27.619,0,0.029688187231834196,-0.011590401783097478,0,0,NORMAL,"Score above threshold, normal motor behavior"
2020-12-02 17:29:32.020,0,0.016043615876981332,-0.011590401783097478,0,0,NORMAL,"Score above threshold, normal motor behavior"
2020-12-02 17:29:36.416,0,0.02388402505179349,-0.011590401783097478,0,0,NORMAL,"Score above threshold, normal motor behavior"
2020-12-02 17:29:40.816,0,0.030148737287091443,-0.011590401783097478,0,0,NORMAL,"Score above threshold, normal motor behavior"
2020-12-02 17:29:45.221,0,0.03824912746086512,-0.011590401783097478,0,0,NORMAL,"Score above threshold, normal motor behavior"
2020-12-02 17:29:49.621,0,0.035413041429249226,-0.011590401783097478,0,0,NORMAL,"Score above threshold, normal motor behavior"
2020-12-02 17:29:54.015,0,0.026780831879841316,-0.011590401783097478,0,0,NORMAL,"Score above threshold, normal motor behavior"
2020-12-02 17:29:58.419,0,0.03786089350741789,-0.011590401783097478,0,0,NORMAL,"Score above threshold, normal motor behavior"
2020-12-02 17:30:02.816,0,0.03650086344990988,-0.011590401783097478,0,0,NORMAL,"Score above threshold, normal motor behavior"
2020-12-02 17:30:07.226,0,0.034406599341959,-0.011590401783097478,0,0,NORMAL,"Score above threshold, normal motor behavior"
2020-12-02 17:30:11.616,0,0.03500352243253191,-0.011590401783097478,0,0,NORMAL,"Score above threshold, normal motor behavior"
2020-12-02 17:30:16.016,0,0.04330548894991726,-0.011590401783097478,0,0,NORMAL,"Score above threshold, normal motor behavior"
2020-12-02 17:30:20.416,0,0.041100862199092536,-0.011590401783097478,0,0,NORMAL,"Score above threshold, normal motor behavior"
2020-12-02 17:30:24.821,0,0.03115170647817067,-0.011590401783097478,0,0,NORMAL,"Score above threshold, normal motor behavior"
2020-12-02 17:30:29.220,0,0.03047482690557085,-0.011590401783097478,0,0,NORMAL,"Score above threshold, normal motor behavior"
2020-12-02 17:30:33.621,0,0.030233975823785786,-0.011590401783097478,0,0,NORMAL,"Score above threshold, normal motor behavior"
2020-12-02 17:30:38.018,0,0.04309134946909249,-0.011590401783097478,0,0,NORMAL,"Score above threshold, normal motor behavior"
2020-12-02 17:30:42.418,0,0.04145598212266438,-0.011590401783097478,0,0,NORMAL,"Score above threshold, normal motor behavior"
2020-12-02 17:30:46.817,0,0.019308113263383386,-0.011590401783097478,0,0,NORMAL,"Score above threshold, normal motor behavior"
2020-12-02 17:30:51.221,0,0.037319427872636146,-0.011590401783097478,0,0,NORMAL,"Score above threshold, normal motor behavior"
2020-12-02 17:30:55.620,0,0.029229160844279567,-0.011590401783097478,0,0,NORMAL,"Score above threshold, normal motor behavior"
2020-12-02 17:31:00.026,0,0.035617138761385,-0.011590401783097478,0,0,NORMAL,"Score above threshold, normal motor behavior"
2020-12-02 17:31:04.421,0,0.02487170559697971,-0.011590401783097478,0,0,NORMAL,"Score above threshold, normal motor behavior"
2020-12-02 17:31:08.821,0,0.030179896711693743,-0.011590401783097478,0,0,NORMAL,"Score above threshold, normal motor behavior"
2020-12-02 17:31:13.223,0,0.02446944121567024,-0.011590401783097478,0,0,NORMAL,"Score above threshold, normal motor behavior"
2020-12-02 17:31:17.617,0,0.03740488166944689,-0.011590401783097478,0,0,NORMAL,"Score above threshold, normal motor behavior"
2020-12-02 17:31:22.016,0,0.03683264054379004,-0.011590401783097478,0,0,NORMAL,"Score above threshold, normal motor behavior"
2020-12-02 17:31:26.417,0,0.030689737926814287,-0.011590401783097478,0,0,NORMAL,"Score above threshold, normal motor behavior"
2020-12-02 17:31:30.818,0,0.036816273780948094,-0.011590401783097478,0,0,NORMAL,"Score above threshold, normal motor behavior"
2020-12-02 17:31:35.220,0,0.0409022816428295,-0.011590401783097478,0,0,NORMAL,"Score above threshold, normal motor behavior"
2020-12-02 17:31:39.621,0,0.03450972077947023,-0.011590401783097478,0,0,NORMAL,"Score above threshold, normal motor behavior"
2020-12-02 17:31:44.025,0,0.03971890173270426,-0.011590401783097478,0,0,NORMAL,"Score above threshold, normal motor behavior"
2020-12-02 17:31:48.417,0,0.03762823309712382,-0.011590401783097478,0,0,NORMAL,"Score above threshold, normal motor behavior"
2020-12-02 17:31:52.822,0,0.03644088710772092,-0.011590401783097478,0,0,NORMAL,"Score above threshold, normal motor behavior"
2020-12-02 17:31:57.220,0,0.04001893427191011,-0.011590401783097478,0,0,NORMAL,"Score above threshold, normal motor behavior"
2020-12-02 17:32:01.621,0,0.041816835802770236,-0.011590401783097478,0,0,NORMAL,"Score above threshold, normal motor behavior"
2020-12-02 17:32:06.019,0,0.038281646492038135,-0.011590401783097478,0,0,NORMAL,"Score above threshold, normal motor behavior"
2020-12-02 17:32:10.426,0,0.040725958539818474,-0.011590401783097478,0,0,NORMAL,"Score above threshold, normal motor behavior"
2020-12-02 17:32:14.827,0,0.03803135816816661,-0.011590401783097478,0,0,NORMAL,"Score above threshold, normal motor behavior"
2020-12-02 17:32:19.224,0,0.040606430164514706,-0.011590401783097478,0,0,NORMAL,"Score above threshold, normal motor behavior"
2020-12-02 17:32:23.622,0,0.04240331413585846,-0.011590401783097478,0,0,NORMAL,"Score above threshold, normal motor behavior"
2020-12-02 17:32:28.023,0,0.038700233469390166,-0.011590401783097478,0,0,NORMAL,"Score above threshold, normal motor behavior"
2020-12-02 17:32:32.421,0,0.03735425748949295,-0.011590401783097478,0,0,NORMAL,"Score above threshold, normal motor behavior"
2020-12-02 17:32:36.822,0,0.03655347962999189,-0.011590401783097478,0,0,NORMAL,"Score above threshold, normal motor behavior"
2020-12-02 17:32:41.223,0,0.038293586439764826,-0.011590401783097478,0,0,NORMAL,"Score above threshold, normal motor behavior"
2020-12-02 17:32:45.621,0,0.039107101007336054,-0.011590401783097478,0,0,NORMAL,"Score above threshold, normal motor behavior"
2020-12-02 17:32:50.022,0,0.030888905802183342,-0.011590401783097478,0,0,NORMAL,"Score above threshold, normal motor behavior"
2020-12-02 17:32:54.438,0,0.04209604921628601,-0.011590401783097478,0,0,NORMAL,"Score above threshold, normal motor behavior"
2020-12-02 17:32:58.818,0,0.03886819243427564,-0.011590401783097478,0,0,NORMAL,"Score above threshold, normal motor behavior"
2020-12-02 17:33:03.219,0,0.026876297716031283,-0.011590401783097478,0,0,NORMAL,"Score above threshold, normal motor behavior"
2020-12-02 17:33:07.621,0,0.0409672004479088,-0.011590401783097478,0,0,NORMAL,"Score above threshold, normal motor behavior"
2020-12-02 17:33:12.019,0,0.05041627813253807,-0.011590401783097478,0,0,NORMAL,"Score above threshold, normal motor behavior"
2020-12-02 17:33:16.423,0,0.04087475132344304,-0.011590401783097478,0,0,NORMAL,"Score above threshold, normal motor behavior"
2020-12-02 17:33:20.817,0,0.03410270477467392,-0.011590401783097478,0,0,NORMAL,"Score above threshold, normal motor behavior"
2020-12-02 17:33:25.224,0,0.03845361664096242,-0.011590401783097478,0,0,NORMAL,"Score above threshold, normal motor behavior"
2020-12-02 17:33:29.623,0,0.0380027079388886,-0.011590401783097478,0,0,NORMAL,"Score above threshold, normal motor behavior"
2020-12-02 17:33:34.022,0,0.038470088748793096,-0.011590401783097478,0,0,NORMAL,"Score above threshold, normal motor behavior"
2020-12-02 17:33:38.422,0,0.036299724818235124,-0.011590401783097478,0,0,NORMAL,"Score above threshold, normal motor behavior"
2020-12-02 17:33:42.823,0,0.03421075818775121,-0.011590401783097478,0,0,NORMAL,"Score above threshold, normal motor behavior"
2020-12-02 17:33:47.219,0,0.02601834419259419,-0.011590401783097478,0,0,NORMAL,"Score above threshold, normal motor behavior"
2020-12-02 17:33:51.618,0,0.03590395894051812,-0.011590401783097478,0,0,NORMAL,"Score above threshold, normal motor behavior"
2020-12-02 17:33:56.018,0,0.03616746889273831,-0.011590401783097478,0,0,NORMAL,"Score above threshold, normal motor behavior"
2020-12-02 17:34:00.478,0,0.03858385138371617,-0.011590401783097478,0,0,NORMAL,"Score above threshold, normal motor behavior"
2020-12-02 17:34:04.820,0,0.034949974275020224,-0.011590401783097478,0,0,NORMAL,"Score above threshold, normal motor behavior"
2020-12-02 17:34:09.225,0,0.042292706486830034,-0.011590401783097478,0,0,NORMAL,"Score above threshold, normal motor behavior"
2020-12-02 17:34:13.621,0,0.024313047067181903,-0.011590401783097478,0,0,NORMAL,"Score above threshold, normal motor behavior"
2020-12-02 17:34:18.019,0,0.03909162326102267,-0.011590401783097478,0,0,NORMAL,"Score above threshold, normal motor behavior"
2020-12-02 17:34:22.418,0,0.042085431120272854,-0.011590401783097478,0,0,NORMAL,"Score above threshold, normal motor behavior"
2020-12-02 17:34:26.819,0,0.03336201467929972,-0.011590401783097478,0,0,NORMAL,"Score above threshold, normal motor behavior"
2020-12-02 17:34:31.223,0,0.03975392753976714,-0.011590401783097478,0,0,NORMAL,"Score above threshold, normal motor behavior"
2020-12-02 17:34:35.623,0,0.04098494006182696,-0.011590401783097478,0,0,NORMAL,"Score above threshold, normal motor behavior"
2020-12-02 17:34:40.025,0,0.04429603918283875,-0.011590401783097478,0,0,NORMAL,"Score above threshold, normal motor behavior"
2020-12-02 17:34:44.419,0,0.043956960993234484,-0.011590401783097478,0,0,NORMAL,"Score above threshold, normal motor behavior"
2020-12-02 17:34:48.820,0,0.04177082989870873,-0.011590401783097478,0,0,NORMAL,"Score above threshold, normal motor behavior"
2020-12-02 17:34:53.258,0,0.039684846700733245,-0.011590401783097478,0,0,NORMAL,"Score above threshold, normal motor behavior"
2020-12-02 17:34:57.623,0,0.03754689621381663,-0.011590401783097478,0,0,NORMAL,"Score above threshold, normal motor behavior"
2020-12-02 17:35:02.022,0,0.024530067567967884,-0.011590401783097478,0,0,NORMAL,"Score above threshold, normal motor behavior"
2020-12-02 17:35:06.421,0,0.0308004086503032,-0.011590401783097478,0,0,NORMAL,"Score above threshold, normal motor behavior"
2020-12-02 17:35:10.825,0,0.03589016591995714,-0.011590401783097478,0,0,NORMAL,"Score above threshold, normal motor behavior"
2020-12-02 17:35:15.222,0,0.036018999743053226,-0.011590401783097478,0,0,NORMAL,"Score above threshold, normal motor behavior"
2020-12-02 17:35:19.619,0,0.031836690906903276,-0.011590401783097478,0,0,NORMAL,"Score above threshold, normal motor behavior"
2020-12-02 17:35:24.020,0,0.01814584108027817,-0.011590401783097478,0,0,NORMAL,"Score above threshold, normal motor behavior"
2020-12-02 17:35:28.420,0,0.026778106527087453,-0.011590401783097478,0,0,NORMAL,"Score above threshold, normal motor behavior"
2020-12-02 17:35:32.823,0,0.0317118446472357,-0.011590401783097478,0,0,NORMAL,"Score above threshold, normal motor behavior"
2020-12-02 17:35:37.224,0,0.03485825675230908,-0.011590401783097478,0,0,NORMAL,"Score above threshold, normal motor behavior"
2020-12-02 17:35:41.619,0,0.03557724811779017,-0.011590401783097478,0,0,NORMAL,"Score above threshold, normal motor behavior"
2020-12-02 17:35:46.020,0,0.03883028319305043,-0.011590401783097478,0,0,NORMAL,"Score above threshold, normal motor behavior"
2020-12-02 17:35:50.422,0,0.04270745788656077,-0.011590401783097478,0,0,NORMAL,"Score above threshold, normal motor behavior"
2020-12-02 17:35:54.820,0,0.03464804365311802,-0.011590401783097478,0,0,NORMAL,"Score above threshold, normal motor behavior"
2020-12-02 17:35:59.225,0,0.03304602624882297,-0.011590401783097478,0,0,NORMAL,"Score above threshold, normal motor behavior"
2020-12-02 17:36:03.621,0,0.044013053715948436,-0.011590401783097478,0,0,NORMAL,"Score above threshold, normal motor behavior"
2020-12-02 17:36:08.020,0,0.033188113823974796,-0.011590401783097478,0,0,NORMAL,"Score above threshold, normal motor behavior"
2020-12-02 17:36:12.424,0,0.031912680045968145,-0.011590401783097478,0,0,NORMAL,"Score above threshold, normal motor behavior"
2020-12-02 17:36:16.825,0,0.026773064423005533,-0.011590401783097478,0,0,NORMAL,"Score above threshold, normal motor behavior"
2020-12-02 17:36:21.221,0,0.032967413154894265,-0.011590401783097478,0,0,NORMAL,"Score above threshold, normal motor behavior"
2020-12-02 17:36:25.620,0,0.034726477060115224,-0.011590401783097478,0,0,NORMAL,"Score above threshold, normal motor behavior"
2020-12-02 17:36:30.020,0,0.032980410668262294,-0.011590401783097478,0,0,NORMAL,"Score above threshold, normal motor behavior"
2020-12-02 17:36:34.424,0,0.02920726348920899,-0.011590401783097478,0,0,NORMAL,"Score above threshold, normal motor behavior"
2020-12-02 17:36:38.835,0,0.03191604557001326,-0.011590401783097478,0,0,NORMAL,"Score above threshold, normal motor behavior"
2020-12-02 17:36:43.227,0,0.03466200197353747,-0.011590401783097478,0,0,NORMAL,"Score above threshold, normal motor behavior"
2020-12-02 17:36:47.621,0,0.02805583342359802,-0.011590401783097478,0,0,NORMAL,"Score above threshold, normal motor behavior"
2020-12-02 17:36:52.021,0,0.03388381771526988,-0.011590401783097478,0,0,NORMAL,"Score above threshold, normal motor behavior"
2020-12-02 17:36:56.424,0,0.02644132304513347,-0.011590401783097478,0,0,NORMAL,"Score above threshold, normal motor behavior"
2020-12-02 17:37:00.822,0,0.039194795605428046,-0.011590401783097478,0,0,NORMAL,"Score above threshold, normal motor behavior"
2020-12-02 17:37:05.221,0,0.024647270585809344,-0.011590401783097478,0,0,NORMAL,"Score above threshold, normal motor behavior"
2020-12-02 17:37:09.622,0,-0.007166576820310244,-0.011590401783097478,0,0,NORMAL,"Score above threshold, normal motor behavior"
2020-12-02 17:37:14.027,0,-0.0136215963029781,-0.011590401783097478,1,1,MONITOR,Score slightly below threshold -> monitoring only
2020-12-02 17:37:18.424,0,-0.003457245341848658,-0.011590401783097478,0,0,NORMAL,"Score above threshold, normal motor behavior"
2020-12-02 17:37:22.822,0,-0.05685292700921213,-0.011590401783097478,1,2,MONITOR,High vibration instability -> possible mechanical fault; High frequency vibration energy elevated -> possible bearing or friction issue; Multiple signals abnormal -> critical condition; Score far below threshold -> strong anomaly signal
2020-12-02 17:37:27.229,0,-0.10349826682391655,-0.011590401783097478,1,4,WARNING,High vibration instability -> possible mechanical fault; High frequency vibration energy elevated -> possible bearing or friction issue; Multiple signals abnormal -> critical condition; Score far below threshold -> strong anomaly signal
2020-12-02 17:37:31.625,0,-0.1038742788397406,-0.011590401783097478,1,6,MAINTENANCE_ALERT,Score far below threshold -> strong anomaly signal
2020-12-02 17:37:36.042,0,-0.09439111973899611,-0.011590401783097478,1,8,EMERGENCY_STOP,High vibration instability -> possible mechanical fault; Temperature and current rising -> possible overheating / overload; High frequency vibration energy elevated -> possible bearing or friction issue; Multiple signals abnormal -> critical condition; Score far below threshold -> strong anomaly signal
2020-12-02 17:37:40.427,0,-0.09456398465410149,-0.011590401783097478,1,10,MAINTENANCE_ALERT,High vibration instability -> possible mechanical fault; High frequency vibration energy elevated -> possible bearing or friction issue; Multiple signals abnormal -> critical condition; Score far below threshold -> strong anomaly signal
2020-12-02 17:37:44.820,0,-0.06749791580857639,-0.011590401783097478,1,12,MAINTENANCE_ALERT,High vibration instability -> possible mechanical fault; High frequency vibration energy elevated -> possible bearing or friction issue; Multiple signals abnormal -> critical condition; Score far below threshold -> strong anomaly signal
2020-12-02 17:37:49.228,0,-0.032048658162462884,-0.011590401783097478,1,13,MAINTENANCE_ALERT,Score slightly below threshold -> monitoring only
2020-12-02 17:37:53.629,0,-0.016615041482052062,-0.011590401783097478,1,14,MAINTENANCE_ALERT,Score slightly below threshold -> monitoring only
2020-12-02 17:37:58.022,0,0.013399091329333701,-0.011590401783097478,0,12,MAINTENANCE_ALERT,"Very normal score, alert counter cooling down faster"
2020-12-02 17:38:02.535,0,0.026435267922765793,-0.011590401783097478,0,10,MAINTENANCE_ALERT,"Very normal score, alert counter cooling down faster"
2020-12-02 17:38:06.825,0,0.01340912698529706,-0.011590401783097478,0,8,MAINTENANCE_ALERT,"Very normal score, alert counter cooling down faster"
2020-12-02 17:38:11.231,0,-0.0020857949352500182,-0.011590401783097478,0,7,MAINTENANCE_ALERT,"Normal score, alert counter cooling down gradually"
2020-12-02 17:38:15.626,0,-0.007348584301916761,-0.011590401783097478,0,6,MAINTENANCE_ALERT,"Normal score, alert counter cooling down gradually"
2020-12-02 17:38:20.020,0,0.010521975761879132,-0.011590401783097478,0,5,MAINTENANCE_ALERT,"Normal score, alert counter cooling down gradually"
2020-12-02 17:38:24.427,0,0.0034776581609314294,-0.011590401783097478,0,4,WARNING,"Normal score, alert counter cooling down gradually"
2020-12-02 17:38:28.827,0,0.002575317170585789,-0.011590401783097478,0,3,WARNING,"Normal score, alert counter cooling down gradually"
2020-12-02 17:38:33.221,0,0.00922738587907429,-0.011590401783097478,0,2,MONITOR,"Normal score, alert counter cooling down gradually"
2020-12-02 17:38:37.625,0,-0.014143836138121202,-0.011590401783097478,1,3,WARNING,High vibration instability -> possible mechanical fault; Temperature and current rising -> possible overheating / overload; High frequency vibration energy elevated -> possible bearing or friction issue; Multiple signals abnormal -> critical condition
2020-12-02 17:38:42.023,0,0.03182423097994713,-0.011590401783097478,0,1,MONITOR,"Very normal score, alert counter cooling down faster"
2020-12-02 17:38:46.424,0,0.026269920802376612,-0.011590401783097478,0,0,NORMAL,"Score above threshold, normal motor behavior"
2020-12-02 17:38:50.832,0,0.020951783272389612,-0.011590401783097478,0,0,NORMAL,"Score above threshold, normal motor behavior"
2020-12-02 17:38:55.224,0,0.013278271336238878,-0.011590401783097478,0,0,NORMAL,"Score above threshold, normal motor behavior"
2020-12-02 17:38:59.621,0,0.020328939480879882,-0.011590401783097478,0,0,NORMAL,"Score above threshold, normal motor behavior"
2020-12-02 17:39:04.026,0,0.01641134276461531,-0.011590401783097478,0,0,NORMAL,"Score above threshold, normal motor behavior"
2020-12-02 17:39:08.422,0,0.007920519663508263,-0.011590401783097478,0,0,NORMAL,"Score above threshold, normal motor behavior"
2020-12-02 17:39:12.821,0,0.016458859991254404,-0.011590401783097478,0,0,NORMAL,"Score above threshold, normal motor behavior"
2020-12-02 17:39:17.227,0,0.004240643900473184,-0.011590401783097478,0,0,NORMAL,"Score above threshold, normal motor behavior"
2020-12-02 17:39:21.621,0,0.007256827898111717,-0.011590401783097478,0,0,NORMAL,"Score above threshold, normal motor behavior"
2020-12-02 17:39:26.027,0,0.003328042088242944,-0.011590401783097478,0,0,NORMAL,"Score above threshold, normal motor behavior"
2020-12-02 17:39:30.482,0,0.005635106107615029,-0.011590401783097478,0,0,NORMAL,"Score above threshold, normal motor behavior"
2020-12-02 17:39:34.822,0,0.007291038788155679,-0.011590401783097478,0,0,NORMAL,"Score above threshold, normal motor behavior"
2020-12-02 17:39:39.308,0,0.00409624498426675,-0.011590401783097478,0,0,NORMAL,"Score above threshold, normal motor behavior"
2020-12-02 17:39:43.627,0,-0.02324454496026468,-0.011590401783097478,1,1,MONITOR,Temperature and current rising -> possible overheating / overload
2020-12-02 17:39:48.021,0,-0.008316322906928075,-0.011590401783097478,0,0,NORMAL,"Score above threshold, normal motor behavior"
2020-12-02 17:39:52.432,0,0.005071011999989161,-0.011590401783097478,0,0,NORMAL,"Score above threshold, normal motor behavior"
2020-12-02 17:39:56.823,0,0.003946561189735964,-0.011590401783097478,0,0,NORMAL,"Score above threshold, normal motor behavior"
2020-12-02 17:40:01.227,0,-0.005480609550796822,-0.011590401783097478,0,0,NORMAL,"Score above threshold, normal motor behavior"
2020-12-02 17:40:05.627,0,0.022747406404590498,-0.011590401783097478,0,0,NORMAL,"Score above threshold, normal motor behavior"
2020-12-02 17:40:10.028,0,0.032136354850288096,-0.011590401783097478,0,0,NORMAL,"Score above threshold, normal motor behavior"
2020-12-02 17:40:14.428,0,-0.011244163188445011,-0.011590401783097478,0,0,NORMAL,"Score above threshold, normal motor behavior"
2020-12-02 17:40:18.823,0,0.023927036517034594,-0.011590401783097478,0,0,NORMAL,"Score above threshold, normal motor behavior"
2020-12-02 17:40:23.223,0,-0.013177417687309512,-0.011590401783097478,1,1,MONITOR,Temperature and current rising -> possible overheating / overload
2020-12-02 17:40:27.623,0,-0.011020264557693782,-0.011590401783097478,0,0,NORMAL,"Score above threshold, normal motor behavior"
2020-12-02 17:40:32.111,0,-0.03979473276231277,-0.011590401783097478,1,2,MONITOR,Temperature and current rising -> possible overheating / overload; Score far below threshold -> strong anomaly signal
2020-12-02 17:40:36.428,0,-0.05002150082829665,-0.011590401783097478,1,4,WARNING,Score far below threshold -> strong anomaly signal
2020-12-02 17:40:40.823,0,-0.06156122341893072,-0.011590401783097478,1,6,MAINTENANCE_ALERT,Temperature and current rising -> possible overheating / overload; Score far below threshold -> strong anomaly signal
2020-12-02 17:40:45.222,0,-0.08151507240708827,-0.011590401783097478,1,8,MAINTENANCE_ALERT,Temperature and current rising -> possible overheating / overload; Score far below threshold -> strong anomaly signal
2020-12-02 17:40:49.699,0,-0.057990507533447755,-0.011590401783097478,1,10,MAINTENANCE_ALERT,Temperature and current rising -> possible overheating / overload; Score far below threshold -> strong anomaly signal
2020-12-02 17:40:54.242,0,-0.05045110130080971,-0.011590401783097478,1,12,MAINTENANCE_ALERT,Temperature and current rising -> possible overheating / overload; Score far below threshold -> strong anomaly signal
2020-12-02 17:40:58.626,0,-0.06420418576843662,-0.011590401783097478,1,14,MAINTENANCE_ALERT,Temperature and current rising -> possible overheating / overload; Score far below threshold -> strong anomaly signal
2020-12-02 17:41:03.025,0,-0.046690688379276535,-0.011590401783097478,1,16,MAINTENANCE_ALERT,Score far below threshold -> strong anomaly signal
2020-12-02 17:41:07.423,0,-0.05001806216291421,-0.011590401783097478,1,18,MAINTENANCE_ALERT,Temperature and current rising -> possible overheating / overload; Score far below threshold -> strong anomaly signal
2020-12-02 17:41:11.833,0,-0.02997112832850163,-0.011590401783097478,1,19,MAINTENANCE_ALERT,Temperature and current rising -> possible overheating / overload
2020-12-02 17:41:16.283,0,-0.040220352266637616,-0.011590401783097478,1,21,MAINTENANCE_ALERT,Temperature and current rising -> possible overheating / overload; Score far below threshold -> strong anomaly signal
2020-12-02 17:41:20.631,0,-0.029709334967502887,-0.011590401783097478,1,22,MAINTENANCE_ALERT,Temperature and current rising -> possible overheating / overload
2020-12-02 17:41:25.022,0,-0.05735730399170508,-0.011590401783097478,1,24,MAINTENANCE_ALERT,Temperature and current rising -> possible overheating / overload; Score far below threshold -> strong anomaly signal
2020-12-02 17:41:29.423,0,-0.0770094753979616,-0.011590401783097478,1,26,MAINTENANCE_ALERT,Temperature and current rising -> possible overheating / overload; Score far below threshold -> strong anomaly signal
2020-12-02 17:41:33.825,0,-0.05465738597331665,-0.011590401783097478,1,28,MAINTENANCE_ALERT,"High vibration instability -> possible mechanical fault; Repeated mechanical anomaly -> maintenance alert, emergency gated off; Score far below threshold -> strong anomaly signal"
2020-12-02 17:41:38.225,0,-0.010549663354852523,-0.011590401783097478,0,27,MAINTENANCE_ALERT,"Normal score, alert counter cooling down gradually"
2020-12-02 17:41:42.628,0,0.0011234920963252293,-0.011590401783097478,0,26,MAINTENANCE_ALERT,"Normal score, alert counter cooling down gradually"
2020-12-02 17:41:47.027,0,-0.02389521225932978,-0.011590401783097478,1,27,MAINTENANCE_ALERT,High vibration instability -> possible mechanical fault; Temperature and current rising -> possible overheating / overload; High frequency vibration energy elevated -> possible bearing or friction issue; Multiple signals abnormal -> critical condition
2020-12-02 17:41:51.423,0,-0.05851484373752619,-0.011590401783097478,1,29,MAINTENANCE_ALERT,High vibration instability -> possible mechanical fault; High frequency vibration energy elevated -> possible bearing or friction issue; Multiple signals abnormal -> critical condition; Score far below threshold -> strong anomaly signal
2020-12-02 17:41:55.825,0,-0.007127107755291684,-0.011590401783097478,0,28,MAINTENANCE_ALERT,"Normal score, alert counter cooling down gradually"
2020-12-02 17:42:00.223,0,-0.008294153059158205,-0.011590401783097478,0,27,MAINTENANCE_ALERT,"Normal score, alert counter cooling down gradually"
2020-12-02 17:42:04.623,0,0.007430973806742125,-0.011590401783097478,0,26,MAINTENANCE_ALERT,"Normal score, alert counter cooling down gradually"
2020-12-02 17:42:09.028,0,0.018302324106045598,-0.011590401783097478,0,24,MAINTENANCE_ALERT,"Very normal score, alert counter cooling down faster"
2020-12-02 17:42:13.424,0,0.017802142702283197,-0.011590401783097478,0,22,MAINTENANCE_ALERT,"Very normal score, alert counter cooling down faster"
2020-12-02 17:42:17.824,0,0.022924354513636058,-0.011590401783097478,0,20,MAINTENANCE_ALERT,"Very normal score, alert counter cooling down faster"
2020-12-02 17:42:22.225,0,0.025853350113557882,-0.011590401783097478,0,18,MAINTENANCE_ALERT,"Very normal score, alert counter cooling down faster"
2020-12-02 17:42:26.633,0,0.021566350080410968,-0.011590401783097478,0,16,MAINTENANCE_ALERT,"Very normal score, alert counter cooling down faster"
2020-12-02 17:42:31.026,0,0.008596361611926506,-0.011590401783097478,0,15,MAINTENANCE_ALERT,"Normal score, alert counter cooling down gradually"
2020-12-02 17:42:35.464,0,0.01075663728802656,-0.011590401783097478,0,14,MAINTENANCE_ALERT,"Normal score, alert counter cooling down gradually"
2020-12-02 17:42:39.824,0,-0.04617726946470785,-0.011590401783097478,1,16,EMERGENCY_STOP,High vibration instability -> possible mechanical fault; Temperature and current rising -> possible overheating / overload; High frequency vibration energy elevated -> possible bearing or friction issue; Multiple signals abnormal -> critical condition; Score far below threshold -> strong anomaly signal
2020-12-02 17:42:44.225,0,-0.015760563373427794,-0.011590401783097478,1,17,MAINTENANCE_ALERT,High vibration instability -> possible mechanical fault; Temperature and current rising -> possible overheating / overload; High frequency vibration energy elevated -> possible bearing or friction issue; Multiple signals abnormal -> critical condition
2020-12-02 17:42:48.625,0,-0.03668486392536713,-0.011590401783097478,1,19,MAINTENANCE_ALERT,High vibration instability -> possible mechanical fault; High frequency vibration energy elevated -> possible bearing or friction issue; Multiple signals abnormal -> critical condition; Score far below threshold -> strong anomaly signal
2020-12-02 17:42:53.185,0,0.007829343463294225,-0.011590401783097478,0,18,MAINTENANCE_ALERT,"Normal score, alert counter cooling down gradually"
2020-12-02 17:42:57.632,0,-0.014842250382872624,-0.011590401783097478,1,19,MAINTENANCE_ALERT,High vibration instability -> possible mechanical fault; High frequency vibration energy elevated -> possible bearing or friction issue; Multiple signals abnormal -> critical condition
2020-12-02 17:43:02.028,0,-0.03523493435631214,-0.011590401783097478,1,21,EMERGENCY_STOP,High vibration instability -> possible mechanical fault; Temperature and current rising -> possible overheating / overload; High frequency vibration energy elevated -> possible bearing or friction issue; Multiple signals abnormal -> critical condition; Score far below threshold -> strong anomaly signal
2020-12-02 17:43:06.530,0,-0.0014027472116465156,-0.011590401783097478,0,20,MAINTENANCE_ALERT,"Normal score, alert counter cooling down gradually"
2020-12-02 17:43:10.827,0,0.007477830987574152,-0.011590401783097478,0,19,MAINTENANCE_ALERT,"Normal score, alert counter cooling down gradually"
2020-12-02 17:43:15.227,1,-0.04318624237135199,-0.011590401783097478,1,21,MAINTENANCE_ALERT,High vibration instability -> possible mechanical fault; High frequency vibration energy elevated -> possible bearing or friction issue; Multiple signals abnormal -> critical condition; Score far below threshold -> strong anomaly signal
2020-12-02 17:43:19.625,0,-0.06580260176043379,-0.011590401783097478,1,23,EMERGENCY_STOP,High vibration instability -> possible mechanical fault; Temperature and current rising -> possible overheating / overload; High frequency vibration energy elevated -> possible bearing or friction issue; Multiple signals abnormal -> critical condition; Score far below threshold -> strong anomaly signal
2020-12-02 17:43:24.024,1,-0.07054657532417369,-0.011590401783097478,1,25,MAINTENANCE_ALERT,High vibration instability -> possible mechanical fault; High frequency vibration energy elevated -> possible bearing or friction issue; Multiple signals abnormal -> critical condition; Score far below threshold -> strong anomaly signal
2020-12-02 17:51:24.428,0,-0.008825530048103603,-0.011590401783097478,0,24,MAINTENANCE_ALERT,"Normal score, alert counter cooling down gradually"
2020-12-02 17:51:28.829,0,0.008727630308238532,-0.011590401783097478,0,23,MAINTENANCE_ALERT,"Normal score, alert counter cooling down gradually"
2020-12-02 17:51:33.298,0,-0.01771686965503927,-0.011590401783097478,1,24,MAINTENANCE_ALERT,High vibration instability -> possible mechanical fault; High frequency vibration energy elevated -> possible bearing or friction issue; Multiple signals abnormal -> critical condition
2020-12-02 17:51:37.632,0,-0.05100646855187668,-0.011590401783097478,1,26,MAINTENANCE_ALERT,High vibration instability -> possible mechanical fault; High frequency vibration energy elevated -> possible bearing or friction issue; Multiple signals abnormal -> critical condition; Score far below threshold -> strong anomaly signal
2020-12-02 17:51:42.029,0,-0.026207477511974442,-0.011590401783097478,1,27,MAINTENANCE_ALERT,High vibration instability -> possible mechanical fault; High frequency vibration energy elevated -> possible bearing or friction issue; Multiple signals abnormal -> critical condition
2020-12-02 17:51:46.429,0,0.005769418476453569,-0.011590401783097478,0,26,MAINTENANCE_ALERT,"Normal score, alert counter cooling down gradually"
2020-12-02 17:51:50.832,0,0.0330185038590281,-0.011590401783097478,0,24,MAINTENANCE_ALERT,"Very normal score, alert counter cooling down faster"
2020-12-02 17:51:55.230,0,0.040228795993354216,-0.011590401783097478,0,22,MAINTENANCE_ALERT,"Very normal score, alert counter cooling down faster"
2020-12-02 17:51:59.694,0,0.04103164422751765,-0.011590401783097478,0,20,MAINTENANCE_ALERT,"Very normal score, alert counter cooling down faster"
2020-12-02 17:52:04.035,0,0.03673843100306756,-0.011590401783097478,0,18,MAINTENANCE_ALERT,"Very normal score, alert counter cooling down faster"
2020-12-02 17:52:08.435,0,0.03585995067962999,-0.011590401783097478,0,16,MAINTENANCE_ALERT,"Very normal score, alert counter cooling down faster"
2020-12-02 17:52:12.832,0,0.03226186339885756,-0.011590401783097478,0,14,MAINTENANCE_ALERT,"Very normal score, alert counter cooling down faster"
2020-12-02 17:52:17.228,0,0.03213843874811201,-0.011590401783097478,0,12,MAINTENANCE_ALERT,"Very normal score, alert counter cooling down faster"
2020-12-02 17:52:21.631,0,0.023816249948869717,-0.011590401783097478,0,10,MAINTENANCE_ALERT,"Very normal score, alert counter cooling down faster"
2020-12-02 17:52:26.034,0,0.025022494913589044,-0.011590401783097478,0,8,MAINTENANCE_ALERT,"Very normal score, alert counter cooling down faster"
2020-12-02 17:52:30.434,0,0.0333465954706369,-0.011590401783097478,0,6,MAINTENANCE_ALERT,"Very normal score, alert counter cooling down faster"
2020-12-02 17:52:34.833,0,0.0011768913282006466,-0.011590401783097478,0,5,MAINTENANCE_ALERT,"Normal score, alert counter cooling down gradually"
2020-12-02 17:52:39.229,0,0.04425170773039144,-0.011590401783097478,0,3,WARNING,"Very normal score, alert counter cooling down faster"
2020-12-02 17:52:43.632,0,0.033722457086621416,-0.011590401783097478,0,1,MONITOR,"Very normal score, alert counter cooling down faster"
2020-12-02 17:52:48.030,0,0.035905008323654675,-0.011590401783097478,0,0,NORMAL,"Score above threshold, normal motor behavior"
2020-12-02 17:52:52.434,0,0.019161364525125568,-0.011590401783097478,0,0,NORMAL,"Score above threshold, normal motor behavior"
2020-12-02 17:52:56.828,0,0.03449789067605136,-0.011590401783097478,0,0,NORMAL,"Score above threshold, normal motor behavior"
2020-12-02 17:53:01.229,0,0.0010085168584708093,-0.011590401783097478,0,0,NORMAL,"Score above threshold, normal motor behavior"
2020-12-02 17:53:05.629,0,0.00036713277470484806,-0.011590401783097478,0,0,NORMAL,"Score above threshold, normal motor behavior"
2020-12-02 17:53:10.028,0,-0.002879038286207114,-0.011590401783097478,0,0,NORMAL,"Score above threshold, normal motor behavior"
2020-12-02 17:53:14.428,0,0.006585366045627372,-0.011590401783097478,0,0,NORMAL,"Score above threshold, normal motor behavior"
2020-12-02 17:53:18.829,0,0.002833457282259977,-0.011590401783097478,0,0,NORMAL,"Score above threshold, normal motor behavior"
2020-12-02 17:53:23.234,0,0.027842914691170895,-0.011590401783097478,0,0,NORMAL,"Score above threshold, normal motor behavior"
2020-12-02 17:53:27.634,0,0.0236436583442029,-0.011590401783097478,0,0,NORMAL,"Score above threshold, normal motor behavior"
2020-12-02 17:53:32.030,0,0.0299804054058892,-0.011590401783097478,0,0,NORMAL,"Score above threshold, normal motor behavior"
2020-12-02 17:53:36.428,0,0.01938997979661511,-0.011590401783097478,0,0,NORMAL,"Score above threshold, normal motor behavior"
2020-12-02 17:53:40.864,0,0.01933166475126835,-0.011590401783097478,0,0,NORMAL,"Score above threshold, normal motor behavior"
2020-12-02 17:53:45.234,0,0.030092777778351232,-0.011590401783097478,0,0,NORMAL,"Score above threshold, normal motor behavior"
2020-12-02 17:53:49.926,0,0.020250459203225157,-0.011590401783097478,0,0,NORMAL,"Score above threshold, normal motor behavior"
2020-12-02 17:53:54.429,0,0.012540567364496491,-0.011590401783097478,0,0,NORMAL,"Score above threshold, normal motor behavior"
2020-12-02 17:53:58.833,0,0.003756417922260835,-0.011590401783097478,0,0,NORMAL,"Score above threshold, normal motor behavior"
2020-12-02 17:54:03.236,0,0.0066373484768382784,-0.011590401783097478,0,0,NORMAL,"Score above threshold, normal motor behavior"
2020-12-02 17:54:07.628,0,0.008102620710678132,-0.011590401783097478,0,0,NORMAL,"Score above threshold, normal motor behavior"
2020-12-02 17:54:12.034,0,0.013310001831113805,-0.011590401783097478,0,0,NORMAL,"Score above threshold, normal motor behavior"
2020-12-02 17:54:16.436,0,-0.0031488589896891406,-0.011590401783097478,0,0,NORMAL,"Score above threshold, normal motor behavior"
2020-12-02 17:54:20.836,0,-0.06496635126280675,-0.011590401783097478,1,2,MONITOR,Score far below threshold -> strong anomaly signal
2020-12-02 17:54:25.233,0,-0.10316631126838943,-0.011590401783097478,1,4,WARNING,Score far below threshold -> strong anomaly signal
2020-12-02 17:54:29.634,0,-0.08310235723753862,-0.011590401783097478,1,6,MAINTENANCE_ALERT,High vibration instability -> possible mechanical fault; High frequency vibration energy elevated -> possible bearing or friction issue; Multiple signals abnormal -> critical condition; Score far below threshold -> strong anomaly signal
2020-12-02 17:54:34.035,0,-0.038267361827183544,-0.011590401783097478,1,8,MAINTENANCE_ALERT,Score far below threshold -> strong anomaly signal
2020-12-02 17:54:38.430,1,-0.07781328516234359,-0.011590401783097478,1,10,MAINTENANCE_ALERT,Score far below threshold -> strong anomaly signal
2020-12-02 17:54:42.831,1,-0.09574081830745113,-0.011590401783097478,1,12,MAINTENANCE_ALERT,Temperature and current rising -> possible overheating / overload; Score far below threshold -> strong anomaly signal
2020-12-02 17:54:47.231,0,-0.05581231144269155,-0.011590401783097478,1,14,EMERGENCY_STOP,High vibration instability -> possible mechanical fault; Temperature and current rising -> possible overheating / overload; High frequency vibration energy elevated -> possible bearing or friction issue; Multiple signals abnormal -> critical condition; Score far below threshold -> strong anomaly signal
2020-12-02 17:54:51.630,1,-0.036519118910260884,-0.011590401783097478,1,16,MAINTENANCE_ALERT,"High vibration instability -> possible mechanical fault; Repeated mechanical anomaly -> maintenance alert, emergency gated off; Score far below threshold -> strong anomaly signal"
2020-12-02 17:54:56.042,1,-0.10623553560239457,-0.011590401783097478,1,18,MAINTENANCE_ALERT,Score far below threshold -> strong anomaly signal
2020-12-02 17:55:00.432,1,-0.06714373510925992,-0.011590401783097478,1,20,MAINTENANCE_ALERT,Score far below threshold -> strong anomaly signal
2020-12-02 17:55:04.830,1,-0.0649018165104342,-0.011590401783097478,1,22,MAINTENANCE_ALERT,Score far below threshold -> strong anomaly signal
2020-12-02 17:55:09.231,0,-0.0695821062792929,-0.011590401783097478,1,24,EMERGENCY_STOP,High vibration instability -> possible mechanical fault; Temperature and current rising -> possible overheating / overload; Multiple signals abnormal -> critical condition; Score far below threshold -> strong anomaly signal
2020-12-02 17:55:13.630,1,-0.11560319889084464,-0.011590401783097478,1,26,MAINTENANCE_ALERT,Score far below threshold -> strong anomaly signal
2020-12-02 17:55:18.159,1,-0.05666204101625477,-0.011590401783097478,1,28,MAINTENANCE_ALERT,Temperature and current rising -> possible overheating / overload; Score far below threshold -> strong anomaly signal
2020-12-02 17:55:22.631,1,-0.0485202700736343,-0.011590401783097478,1,30,MAINTENANCE_ALERT,Score far below threshold -> strong anomaly signal
2020-12-02 17:55:27.036,1,-0.07182100609947567,-0.011590401783097478,1,32,MAINTENANCE_ALERT,Score far below threshold -> strong anomaly signal
2020-12-02 17:55:31.438,1,-0.034016593002810624,-0.011590401783097478,1,33,MAINTENANCE_ALERT,Score slightly below threshold -> monitoring only
2020-12-02 17:55:35.836,0,-0.016920267935637723,-0.011590401783097478,1,34,MAINTENANCE_ALERT,Score slightly below threshold -> monitoring only
2020-12-02 17:55:40.231,1,-0.037110446088405025,-0.011590401783097478,1,36,MAINTENANCE_ALERT,Temperature and current rising -> possible overheating / overload; Score far below threshold -> strong anomaly signal
2020-12-02 17:55:44.631,1,-0.026537560174146768,-0.011590401783097478,1,37,MAINTENANCE_ALERT,Score slightly below threshold -> monitoring only
2020-12-02 17:55:49.031,0,0.00796410280379567,-0.011590401783097478,0,36,MAINTENANCE_ALERT,"Normal score, alert counter cooling down gradually"
2020-12-02 17:55:53.432,0,-0.00631303643728659,-0.011590401783097478,0,35,MAINTENANCE_ALERT,"Normal score, alert counter cooling down gradually"
2020-12-02 17:55:57.837,0,-0.007474292973172425,-0.011590401783097478,0,34,MAINTENANCE_ALERT,"Normal score, alert counter cooling down gradually"
2020-12-02 17:56:02.232,0,-0.00811865709250903,-0.011590401783097478,0,33,MAINTENANCE_ALERT,"Normal score, alert counter cooling down gradually"
2020-12-02 17:56:06.632,0,-0.031929629522953806,-0.011590401783097478,1,34,MAINTENANCE_ALERT,Score slightly below threshold -> monitoring only
2020-12-02 17:56:11.034,0,-0.02566900025250296,-0.011590401783097478,1,35,MAINTENANCE_ALERT,Score slightly below threshold -> monitoring only
2020-12-02 17:56:15.432,0,-0.022821973689073016,-0.011590401783097478,1,36,MAINTENANCE_ALERT,Temperature and current rising -> possible overheating / overload
2020-12-02 17:56:19.835,0,-0.016131431334975188,-0.011590401783097478,1,37,MAINTENANCE_ALERT,Score slightly below threshold -> monitoring only
2020-12-02 17:56:24.238,0,-0.02588781262008405,-0.011590401783097478,1,38,MAINTENANCE_ALERT,Score slightly below threshold -> monitoring only
2020-12-02 17:56:28.634,0,-0.0064112588225399,-0.011590401783097478,0,37,MAINTENANCE_ALERT,"Normal score, alert counter cooling down gradually"
2020-12-02 17:56:33.033,0,-0.00896673524046332,-0.011590401783097478,0,36,MAINTENANCE_ALERT,"Normal score, alert counter cooling down gradually"
2020-12-02 17:56:37.432,1,-0.030795433517869675,-0.011590401783097478,1,37,MAINTENANCE_ALERT,Score slightly below threshold -> monitoring only
2020-12-02 17:56:41.833,1,-0.02738038243659341,-0.011590401783097478,1,38,MAINTENANCE_ALERT,Score slightly below threshold -> monitoring only
2020-12-02 17:56:46.235,1,-0.05035149329166738,-0.011590401783097478,1,40,MAINTENANCE_ALERT,Temperature and current rising -> possible overheating / overload; Score far below threshold -> strong anomaly signal
2020-12-02 17:56:50.668,0,-0.03335449543410013,-0.011590401783097478,1,41,MAINTENANCE_ALERT,High vibration instability -> possible mechanical fault; High frequency vibration energy elevated -> possible bearing or friction issue; Multiple signals abnormal -> critical condition
2020-12-02 17:56:55.034,0,-0.034544136870041375,-0.011590401783097478,1,42,MAINTENANCE_ALERT,"High vibration instability -> possible mechanical fault; Repeated mechanical anomaly -> maintenance alert, emergency gated off"
2020-12-02 17:56:59.433,1,-0.08238491857676883,-0.011590401783097478,1,44,MAINTENANCE_ALERT,Score far below threshold -> strong anomaly signal
2020-12-02 17:57:03.839,1,-0.0745466779395702,-0.011590401783097478,1,46,MAINTENANCE_ALERT,Score far below threshold -> strong anomaly signal
2020-12-02 17:57:08.236,1,-0.07507740104183908,-0.011590401783097478,1,48,MAINTENANCE_ALERT,Temperature and current rising -> possible overheating / overload; Score far below threshold -> strong anomaly signal
2020-12-02 17:57:12.724,1,-0.08327202098343328,-0.011590401783097478,1,50,MAINTENANCE_ALERT,Score far below threshold -> strong anomaly signal
2020-12-02 17:57:17.034,1,-0.10940191105735425,-0.011590401783097478,1,52,MAINTENANCE_ALERT,Temperature and current rising -> possible overheating / overload; Score far below threshold -> strong anomaly signal
2020-12-02 17:57:21.435,1,-0.09344659973440989,-0.011590401783097478,1,54,MAINTENANCE_ALERT,Score far below threshold -> strong anomaly signal
2020-12-02 17:57:25.840,1,-0.08926743375019758,-0.011590401783097478,1,56,MAINTENANCE_ALERT,Temperature and current rising -> possible overheating / overload; Score far below threshold -> strong anomaly signal
2020-12-02 17:57:30.233,1,-0.08788439603778825,-0.011590401783097478,1,58,MAINTENANCE_ALERT,Temperature and current rising -> possible overheating / overload; Score far below threshold -> strong anomaly signal
2020-12-02 17:57:34.640,1,-0.1008797113192586,-0.011590401783097478,1,60,MAINTENANCE_ALERT,Score far below threshold -> strong anomaly signal
2020-12-02 17:57:39.035,1,-0.0977685753728676,-0.011590401783097478,1,62,MAINTENANCE_ALERT,Score far below threshold -> strong anomaly signal
2020-12-02 17:57:43.480,1,-0.09665085244900556,-0.011590401783097478,1,64,MAINTENANCE_ALERT,Temperature and current rising -> possible overheating / overload; Score far below threshold -> strong anomaly signal
2020-12-02 17:57:47.841,1,-0.09638275654159117,-0.011590401783097478,1,66,MAINTENANCE_ALERT,Temperature and current rising -> possible overheating / overload; Score far below threshold -> strong anomaly signal
2020-12-02 17:57:52.235,1,-0.08256114562306555,-0.011590401783097478,1,68,MAINTENANCE_ALERT,Temperature and current rising -> possible overheating / overload; Score far below threshold -> strong anomaly signal
2020-12-02 17:57:56.635,1,-0.11290526804953421,-0.011590401783097478,1,70,MAINTENANCE_ALERT,Score far below threshold -> strong anomaly signal
2020-12-02 17:58:01.040,1,-0.07046977471810761,-0.011590401783097478,1,72,MAINTENANCE_ALERT,"High vibration instability -> possible mechanical fault; Repeated mechanical anomaly -> maintenance alert, emergency gated off; Score far below threshold -> strong anomaly signal"
2020-12-02 17:58:05.436,1,-0.11255779490180678,-0.011590401783097478,1,74,MAINTENANCE_ALERT,Temperature and current rising -> possible overheating / overload; Score far below threshold -> strong anomaly signal
2020-12-02 17:58:09.841,1,-0.07506250663791919,-0.011590401783097478,1,76,MAINTENANCE_ALERT,"High vibration instability -> possible mechanical fault; Repeated mechanical anomaly -> maintenance alert, emergency gated off; Score far below threshold -> strong anomaly signal"
2020-12-02 17:58:14.236,1,-0.06783877774840236,-0.011590401783097478,1,78,EMERGENCY_STOP,High vibration instability -> possible mechanical fault; Temperature and current rising -> possible overheating / overload; Multiple signals abnormal -> critical condition; Score far below threshold -> strong anomaly signal
2020-12-02 17:58:18.640,1,-0.09620650764080335,-0.011590401783097478,1,80,MAINTENANCE_ALERT,Temperature and current rising -> possible overheating / overload; Score far below threshold -> strong anomaly signal
2020-12-02 17:58:23.041,1,-0.0752912810422241,-0.011590401783097478,1,82,EMERGENCY_STOP,High vibration instability -> possible mechanical fault; Temperature and current rising -> possible overheating / overload; Multiple signals abnormal -> critical condition; Score far below threshold -> strong anomaly signal
2020-12-02 17:58:27.438,0,-0.02703792114623721,-0.011590401783097478,1,83,MAINTENANCE_ALERT,High vibration instability -> possible mechanical fault; Temperature and current rising -> possible overheating / overload; Multiple signals abnormal -> critical condition
2020-12-02 17:58:31.843,1,-0.0812889577548776,-0.011590401783097478,1,85,MAINTENANCE_ALERT,Temperature and current rising -> possible overheating / overload; Score far below threshold -> strong anomaly signal
2020-12-02 17:58:36.248,0,-0.04946675764772129,-0.011590401783097478,1,87,EMERGENCY_STOP,High vibration instability -> possible mechanical fault; Temperature and current rising -> possible overheating / overload; Multiple signals abnormal -> critical condition; Score far below threshold -> strong anomaly signal
2020-12-02 17:58:40.643,1,-0.055566942409639164,-0.011590401783097478,1,89,MAINTENANCE_ALERT,Temperature and current rising -> possible overheating / overload; Score far below threshold -> strong anomaly signal
2020-12-02 17:58:45.037,0,-0.033825530801007864,-0.011590401783097478,1,90,EMERGENCY_STOP,High vibration instability -> possible mechanical fault; Temperature and current rising -> possible overheating / overload; Multiple signals abnormal -> critical condition
2020-12-02 17:58:49.445,0,-0.04576316763032856,-0.011590401783097478,1,92,MAINTENANCE_ALERT,Score far below threshold -> strong anomaly signal
2020-12-02 17:58:53.969,1,-0.051566751313062376,-0.011590401783097478,1,94,MAINTENANCE_ALERT,Score far below threshold -> strong anomaly signal
2020-12-02 17:58:58.438,1,-0.05533877619684918,-0.011590401783097478,1,96,MAINTENANCE_ALERT,Temperature and current rising -> possible overheating / overload; Score far below threshold -> strong anomaly signal
2020-12-02 17:59:02.842,1,-0.06439229956130915,-0.011590401783097478,1,98,MAINTENANCE_ALERT,Score far below threshold -> strong anomaly signal
2020-12-02 17:59:07.243,0,-0.03128663584781016,-0.011590401783097478,1,99,MAINTENANCE_ALERT,High vibration instability -> possible mechanical fault; Temperature and current rising -> possible overheating / overload; Multiple signals abnormal -> critical condition
2020-12-02 17:59:11.640,0,-0.04258628985603691,-0.011590401783097478,1,101,MAINTENANCE_ALERT,Score far below threshold -> strong anomaly signal
2020-12-02 17:59:16.038,0,-0.03922493156950363,-0.011590401783097478,1,103,MAINTENANCE_ALERT,Temperature and current rising -> possible overheating / overload; Score far below threshold -> strong anomaly signal
2020-12-02 17:59:20.440,0,-0.0312430375785972,-0.011590401783097478,1,104,MAINTENANCE_ALERT,Temperature and current rising -> possible overheating / overload
2020-12-02 17:59:24.844,1,-0.04541956589756352,-0.011590401783097478,1,106,MAINTENANCE_ALERT,Temperature and current rising -> possible overheating / overload; Score far below threshold -> strong anomaly signal
2020-12-02 17:59:29.243,0,-0.03430989665994849,-0.011590401783097478,1,107,MAINTENANCE_ALERT,Temperature and current rising -> possible overheating / overload
2020-12-02 17:59:33.639,1,-0.03203305270243445,-0.011590401783097478,1,108,MAINTENANCE_ALERT,Temperature and current rising -> possible overheating / overload
2020-12-02 17:59:38.040,1,-0.05270476353699044,-0.011590401783097478,1,110,MAINTENANCE_ALERT,Score far below threshold -> strong anomaly signal
2020-12-02 17:59:42.442,0,-0.022328471337106026,-0.011590401783097478,1,111,MAINTENANCE_ALERT,Score slightly below threshold -> monitoring only
2020-12-02 17:59:46.840,0,-0.01586307926946412,-0.011590401783097478,1,112,MAINTENANCE_ALERT,Score slightly below threshold -> monitoring only
2020-12-02 17:59:51.239,0,0.012551425106908098,-0.011590401783097478,0,110,MAINTENANCE_ALERT,"Very normal score, alert counter cooling down faster"
2020-12-02 17:59:55.643,0,0.002648019484303321,-0.011590401783097478,0,109,MAINTENANCE_ALERT,"Normal score, alert counter cooling down gradually"
2020-12-02 18:00:00.039,0,0.0005074995560875872,-0.011590401783097478,0,108,MAINTENANCE_ALERT,"Normal score, alert counter cooling down gradually"
2020-12-02 18:00:04.441,0,0.009242702514683176,-0.011590401783097478,0,107,MAINTENANCE_ALERT,"Normal score, alert counter cooling down gradually"
2020-12-02 18:00:08.846,1,-0.016678979359346313,-0.011590401783097478,1,108,MAINTENANCE_ALERT,Score slightly below threshold -> monitoring only
2020-12-02 18:00:13.241,0,-0.011671013902706473,-0.011590401783097478,1,109,MAINTENANCE_ALERT,Score slightly below threshold -> monitoring only
2020-12-02 18:00:17.641,0,-0.0009244443178318962,-0.011590401783097478,0,108,MAINTENANCE_ALERT,"Normal score, alert counter cooling down gradually"
2020-12-02 18:00:22.045,0,-0.0018764106953142456,-0.011590401783097478,0,107,MAINTENANCE_ALERT,"Normal score, alert counter cooling down gradually"
2020-12-02 18:00:26.448,0,-0.004389068762687631,-0.011590401783097478,0,106,MAINTENANCE_ALERT,"Normal score, alert counter cooling down gradually"
2020-12-02 18:00:30.841,1,-0.02700010283615112,-0.011590401783097478,1,107,MAINTENANCE_ALERT,High vibration instability -> possible mechanical fault; High frequency vibration energy elevated -> possible bearing or friction issue; Multiple signals abnormal -> critical condition
2020-12-02 18:00:35.242,1,-0.06827931946875515,-0.011590401783097478,1,109,MAINTENANCE_ALERT,High vibration instability -> possible mechanical fault; High frequency vibration energy elevated -> possible bearing or friction issue; Multiple signals abnormal -> critical condition; Score far below threshold -> strong anomaly signal
